pred_label,pred_rel,real_label,real_rel,source,target,grade,results,toks_source,toks_target,n_toks_source,n_toks_target,ant_logit,cohyp_logit,hyp_logit,mero_logit,no-rel_logit,r-hyp_logit,syn_logit,ant,cohyp,hyp,mero,no-rel,r-hyp,syn,entropy,nsynsests_source,nsynsests_target
2,hyp,4,no-rel,advance,take,1.42,False,['advance'],['take'],1,1,-0.5807345,-0.24764864,3.4262545,-1.4547821,-0.18670198,-0.7377758,-0.18440633,0.01622914,0.022643982,0.8922955,0.006771757,0.024066979,0.013870542,0.024122296,0.76035905,20,44
2,hyp,2,hyp,aura,light,3.69,True,['aura'],['light'],1,1,-0.8347124,-0.40345094,3.3903396,-0.67584604,-1.374811,-0.5409213,0.04061779,0.01308673,0.020143066,0.89484507,0.015340021,0.0076255165,0.017555894,0.031403795,0.7440532,3,47
4,no-rel,4,no-rel,tusk,duty,0.08,True,"['tu', '##sk']",['duty'],2,1,0.23665416,-0.112709664,0.7240886,-1.8086083,1.9642283,-0.53274775,-0.026440877,0.09688456,0.06831685,0.15774101,0.012531653,0.54516816,0.04488566,0.074472144,2.0474076,4,3
2,hyp,2,hyp,place,area,4.77,True,['place'],['area'],1,1,-1.1527151,-0.26101646,4.06464,-0.5670365,-1.4093875,-0.6543922,-0.28059152,0.005141579,0.012541701,0.9483424,0.009235354,0.003977637,0.008462828,0.012298583,0.42132714,32,6
5,r-hyp,5,r-hyp,material,leather,1.64,True,['material'],['leather'],1,1,-0.957229,-0.57749826,-0.73910123,0.4523174,-0.5118233,2.197965,-0.2741719,0.028736986,0.042010337,0.035741508,0.117652014,0.044861972,0.6741002,0.05689697,1.6940458,11,2
2,hyp,2,hyp,add,calculate,5.23,True,['add'],['calculate'],1,1,-0.76509494,0.94316036,1.5987567,-1.2451694,0.45167142,-0.51258045,-0.8802395,0.042873137,0.23663066,0.45581952,0.02652721,0.14475054,0.055188786,0.03821013,2.1566355,7,6
5,r-hyp,5,r-hyp,toy,doll,2.1,True,['toy'],['doll'],1,1,-0.24526666,-0.9830193,-0.16100729,0.6682852,-1.3894442,1.0821326,0.68408173,0.08560304,0.04093429,0.093128495,0.21342227,0.027263353,0.32282814,0.21682037,2.433228,8,2
2,hyp,2,hyp,instruct,inform,4.31,True,"['ins', '##truct']",['inform'],2,1,-1.1336142,-0.301243,3.891131,-0.8172426,-1.5226365,-0.2808109,-0.081725255,0.006146684,0.01412977,0.93510395,0.008434109,0.004165725,0.01442144,0.017598284,0.50431484,3,3
2,hyp,1,cohyp,jug,jar,2.4,False,['jug'],['jar'],1,1,-1.1355473,0.13283837,3.6152527,-0.7647444,-1.1195269,-0.85552055,-0.105750024,0.0078851525,0.02803258,0.9121292,0.011424777,0.008012496,0.010433361,0.022082355,0.64033586,4,8
2,hyp,6,syn,flower,bloom,2.45,False,['flower'],['bloom'],1,1,-0.88871145,-0.2700386,3.1721957,-0.13963357,-1.9057107,-0.45881546,0.27640483,0.014683528,0.027259428,0.8520402,0.031056384,0.005310718,0.022570025,0.047079746,0.95461583,4,7
2,hyp,5,r-hyp,say,claim,2.1,False,['say'],['claim'],1,1,0.20405495,-0.55899364,1.2867804,-1.1055753,0.045256935,-0.35494027,0.7168967,0.12847096,0.05989867,0.3793382,0.034676857,0.10960739,0.07345753,0.21455036,2.4250119,12,11
5,r-hyp,4,no-rel,symptom,orchid,0.08,False,"['sy', '##mpt', '##om']",['orchid'],3,1,-0.78342974,-0.5072486,-0.845537,-0.09329325,-0.024421606,1.8627803,-0.06720574,0.042489544,0.0560049,0.039930917,0.084723644,0.09076432,0.5991238,0.086962946,1.9771497,2,1
2,hyp,1,cohyp,sitting,standing,0.15,False,['sitting'],['standing'],1,1,-0.36512032,0.80737996,1.5230755,0.18730885,-1.1378924,-1.1441646,0.104226835,0.06624934,0.21398926,0.43773833,0.11510615,0.0305894,0.03039813,0.10592938,2.2663383,16,21
6,syn,6,syn,infant,baby,3.75,True,['infant'],['baby'],1,1,-0.2141089,-0.6726398,0.57500786,0.6493934,-1.726864,0.39669865,0.8680673,0.08913904,0.056354746,0.19623522,0.2113889,0.019637523,0.1641868,0.26305774,2.5258076,1,8
2,hyp,3,mero,nucleus,cell,1.23,False,['nucleus'],['cell'],1,1,-1.2525574,0.0800116,3.190936,0.41076463,-1.9831198,-0.4949695,0.025335658,0.009867477,0.037405323,0.83944213,0.05206881,0.0047525507,0.021048557,0.035415057,1.0016228,6,7
5,r-hyp,5,r-hyp,force,gravity,2.15,True,['force'],['gravity'],1,1,-0.760665,0.019043855,-1.4517407,1.0041931,-0.43330473,1.7994153,-0.2276506,0.039137665,0.08535286,0.019609408,0.22859304,0.054295726,0.50631833,0.06669297,2.0698328,19,3
4,no-rel,4,no-rel,desire,attack,0.43,True,['desire'],['attack'],1,1,0.38283643,0.22398998,0.1553225,-1.6639258,2.0173993,-0.5477397,-0.099794224,0.112139165,0.09566898,0.089320116,0.014483043,0.5749617,0.044219434,0.06920755,2.00234,6,15
2,hyp,6,syn,motorcycle,bike,5.4,False,['motorcycle'],['bike'],1,1,-0.39199415,-0.571047,1.772743,0.127693,-1.6880715,-0.1261449,0.7559724,0.05896298,0.04929669,0.5137039,0.099146344,0.016132446,0.07691947,0.18583821,2.1110048,2,3
2,hyp,2,hyp,god,being,4.78,True,['god'],['being'],1,1,-0.8751102,-0.60926247,3.9002395,-1.1392922,-0.87643087,-0.60118586,-0.1333188,0.00793414,0.010350374,0.9406062,0.0060920995,0.007923667,0.010434309,0.016659258,0.47393903,4,15
5,r-hyp,5,r-hyp,communication,conversation,2.42,True,['communication'],['conversation'],1,1,-1.0323112,-0.5982081,-0.74433064,0.9269046,-0.9439331,2.0788133,-0.20311187,0.027173005,0.04194365,0.03624149,0.19275886,0.029683817,0.60993266,0.06226649,1.7996163,3,1
2,hyp,6,syn,phase,stage,4.33,False,['phase'],['stage'],1,1,-0.33704528,-0.46887445,0.9138938,0.47028092,-1.7319937,-0.06168788,0.787741,0.08158986,0.07151276,0.28504416,0.18291678,0.020221708,0.10745396,0.2512608,2.4918756,6,10
2,hyp,2,hyp,cod,fish,5.54,True,['cod'],['fish'],1,1,-1.2535756,-0.008204258,4.2548666,-0.5669129,-1.4427308,-0.6401525,-0.26048484,0.0038669521,0.013434654,0.95423365,0.0076839156,0.0032005128,0.007141262,0.010439089,0.3791383,7,6
2,hyp,5,r-hyp,maker,producer,3.15,False,['maker'],['producer'],1,1,-0.9257225,-0.58221,3.804099,-0.71485806,-1.494512,-0.36838514,0.09098752,0.0081969695,0.011556835,0.92851466,0.010121168,0.0046412093,0.014312049,0.022657128,0.54505813,3,3
2,hyp,0,ant,daughter,son,1.18,False,['daughter'],['son'],1,1,0.30621782,-0.59131557,0.9343178,-0.5548857,-0.46133733,-0.36524415,0.56373906,0.16741607,0.0682344,0.3137455,0.070766,0.07770558,0.08554309,0.21658939,2.5589008,1,2
3,mero,6,syn,wardrobe,closet,3.73,False,['wardrobe'],['closet'],1,1,-0.91577166,0.7997176,-1.070778,1.982935,-1.1559869,0.24964,-0.1550112,0.031545676,0.17537491,0.02701603,0.57257473,0.024809372,0.10117465,0.06750469,1.9283367,3,5
2,hyp,2,hyp,emotion,feeling,4.67,True,['emotion'],['feeling'],1,1,-0.8107695,-0.579264,3.6973693,-0.8552049,-1.2679399,-0.64541256,-0.05583531,0.010213448,0.012874012,0.92689836,0.009769544,0.006465852,0.0120499665,0.021728817,0.55901116,1,19
2,hyp,1,cohyp,snap,pop,2.8,False,['snap'],['pop'],1,1,-0.022816617,0.39875174,0.5820044,-0.7301148,0.3213083,-0.76156944,0.30334318,0.123117074,0.18767357,0.22541808,0.060693555,0.17368801,0.05881418,0.17059556,2.6691742,26,19
6,syn,5,r-hyp,idea,suggestion,2.38,False,['idea'],['suggestion'],1,1,-0.09979331,-1.027745,0.8178356,-0.13444746,-1.0256245,0.24572326,0.9747387,0.104142874,0.041174203,0.26070583,0.10059571,0.041261606,0.14712466,0.30499512,2.4873424,5,6
2,hyp,2,hyp,suggestion,idea,5.1,True,['suggestion'],['idea'],1,1,-0.2047054,-0.96461266,1.6835239,-0.44648558,-0.9436487,-0.25189424,0.66687804,0.07884685,0.036877442,0.520993,0.061912812,0.037658703,0.075212575,0.18849863,2.1158147,6,5
2,hyp,2,hyp,volleyball,activity,4.86,True,['volleyball'],['activity'],1,1,-1.219084,-0.3898222,4.189165,-0.9678003,-0.84173226,-0.61464095,-0.3340865,0.0042821188,0.009813017,0.9559417,0.0055054124,0.0062451162,0.00783727,0.01037548,0.37155214,2,6
3,mero,1,cohyp,cigarette,cigar,2.92,False,['cigarette'],['cigar'],1,1,-1.0203679,0.36576945,-0.65262085,1.9261868,-1.6156344,0.6961307,-0.06552149,0.029240806,0.11694485,0.04223766,0.55675197,0.016123835,0.16272534,0.075975545,1.9790759,1,1
4,no-rel,4,no-rel,bread,football,0.08,True,['bread'],['football'],1,1,0.26110485,0.3947951,-0.6831092,-1.2002689,2.3471415,-0.6511756,-0.17881767,0.08429876,0.09635675,0.032790966,0.019550353,0.6788525,0.033855,0.054295674,1.671648,3,2
2,hyp,2,hyp,kidnap,take,4.69,True,['kidnap'],['take'],1,1,-0.9563479,-0.41589332,3.8183186,-1.192505,-0.6746402,-0.7053475,-0.21918614,0.007894035,0.013552375,0.9352125,0.0062335753,0.010462682,0.010146287,0.016498493,0.5089992,1,44
4,no-rel,4,no-rel,mouth,universe,0.29,True,['mouth'],['universe'],1,1,0.44015795,-0.0017303891,-0.48534727,-1.5534317,2.2264497,-0.3389926,0.14540769,0.10699587,0.06877924,0.0424058,0.014573439,0.6384747,0.04908923,0.0796817,1.8104237,11,3
2,hyp,2,hyp,trout,fish,6.0,True,['trout'],['fish'],1,1,-1.1092966,-0.17871937,4.2378087,-0.8437057,-1.2243501,-0.7174408,-0.25431404,0.004554522,0.01155014,0.9564473,0.005940013,0.004059529,0.006739437,0.010709198,0.36609164,2,6
2,hyp,2,hyp,pan,utensil,2.69,True,['pan'],"['ut', '##ens', '##il']",1,3,-1.2310091,-0.29549563,4.086359,-0.95296687,-0.83129,-0.64070076,-0.27397978,0.0046594935,0.011874819,0.94982207,0.0061530564,0.0069491924,0.008408262,0.012133084,0.41278708,7,1
2,hyp,2,hyp,conversation,communication,6.0,True,['conversation'],['communication'],1,1,-1.012518,-0.4551592,3.8684566,-0.71721774,-1.4432569,-0.5826331,-0.08257212,0.007113888,0.012421237,0.93731904,0.009557722,0.0046242326,0.01093462,0.01802924,0.49261558,1,3
4,no-rel,4,no-rel,swallow,waste,0.9,True,['swallow'],['waste'],1,1,0.5485952,-0.052248113,-0.36246967,-1.5993944,2.1711528,-0.45215514,0.12042536,0.12266179,0.06726148,0.04932179,0.014316907,0.6214084,0.045090906,0.07993879,1.8545948,11,16
3,mero,0,ant,advance,retreat,1.0,False,['advance'],['retreat'],1,1,-0.3606391,0.77686054,-0.93161684,0.98723364,-0.6407293,0.6022989,-0.15320453,0.076110594,0.23738588,0.043000415,0.29296705,0.057517957,0.19936262,0.093655385,2.5101745,20,11
5,r-hyp,4,no-rel,path,leopard,0.2,False,['path'],['leopard'],1,1,-0.5904356,-0.29167378,-1.4307547,-0.15871489,0.89405715,1.4549667,-0.26618204,0.056029752,0.07553867,0.02418092,0.086280495,0.247244,0.4332371,0.07748904,2.25648,4,2
2,hyp,5,r-hyp,crook,burglar,2.5,False,['crook'],"['bu', '##rg', '##lar']",1,3,-1.0731813,0.035499714,3.9393003,-0.94490933,-0.9037986,-0.86980873,-0.36282557,0.006254329,0.018952863,0.9398831,0.0071103103,0.0074087135,0.00766486,0.012725776,0.47544888,4,1
2,hyp,2,hyp,slay,kill,5.55,True,"['sl', '##ay']",['kill'],2,1,-0.9050548,-0.45065826,3.8320258,-0.9803808,-1.0124077,-0.7027212,-0.1898642,0.008212182,0.012936015,0.9370149,0.0076163146,0.007376254,0.010053813,0.01679043,0.4975365,1,17
1,cohyp,2,hyp,catch,seize,3.0,False,['catch'],['seize'],1,1,0.15306075,1.3501942,-0.84145784,-0.24151993,0.5589302,-0.34494394,-0.3864884,0.12428788,0.4114691,0.04597427,0.08376538,0.18650723,0.07553497,0.0724612,2.4127076,39,8
4,no-rel,0,ant,decline,accept,0.7,False,['decline'],['accept'],1,1,0.67378515,-0.1359298,-0.40240523,-1.6053779,1.6905125,-0.20644462,0.2171733,0.17542338,0.07806075,0.05980039,0.017958067,0.48489377,0.07274591,0.11111777,2.2084947,11,11
2,hyp,2,hyp,skillet,pan,5.7,True,"['skill', '##et']",['pan'],2,1,-1.4236532,0.7151308,2.9375336,-0.18648511,-1.2456423,-0.69067466,-0.17245899,0.0101982895,0.086574405,0.7990368,0.035141695,0.012185307,0.021225406,0.03563807,1.1683364,1,7
2,hyp,2,hyp,nightgown,underwear,2.79,True,"['night', '##go', '##wn']",['underwear'],3,1,-1.4604698,0.5763629,2.7366045,0.76866424,-1.8418387,-0.37710595,-0.27791342,0.010946925,0.0839223,0.7278777,0.10171683,0.0074759405,0.03234381,0.035716586,1.4248606,1,1
2,hyp,1,cohyp,leopard,tiger,0.69,False,['leopard'],['tiger'],1,1,-0.96899414,1.4795446,1.8045601,0.24397378,-1.2676069,-0.58749336,-0.40397987,0.027842643,0.32217908,0.44591263,0.093647406,0.020654973,0.04077502,0.04898838,2.026839,2,2
2,hyp,2,hyp,hip,joint,4.69,True,['hip'],['joint'],1,1,-1.5447235,0.34329316,3.4662738,0.49008787,-1.6287105,-0.47500622,-0.41298583,0.0058056363,0.038353503,0.87116075,0.04441782,0.005337954,0.016920852,0.018003512,0.84068817,6,13
4,no-rel,4,no-rel,fish,valve,0.0,True,['fish'],['valve'],1,1,0.12764548,0.09893197,-0.64579284,-1.2223439,2.429606,-0.4782517,-0.10127665,0.071290605,0.06927271,0.032895178,0.01848159,0.7124609,0.038895063,0.056703866,1.572339,6,5
4,no-rel,4,no-rel,meal,pen,0.1,True,['meal'],['pen'],1,1,-0.028854858,0.05223789,-0.8778964,-1.0837538,2.217591,0.037078276,-0.12022562,0.06995241,0.0758614,0.02992737,0.02435936,0.66133535,0.07472004,0.06384411,1.7603009,3,6
2,hyp,2,hyp,girl,child,5.33,True,['girl'],['child'],1,1,-0.8563237,0.018313639,3.7030895,-0.48697284,-1.6421872,-0.72681737,-0.021587636,0.009590452,0.022997951,0.91615075,0.013875413,0.0043706167,0.010916485,0.02209837,0.6177806,5,4
2,hyp,2,hyp,mission,duty,4.44,True,['mission'],['duty'],1,1,-0.6898279,-0.56448513,3.6131814,-0.8180741,-1.2058035,-0.44145542,0.16546251,0.012320433,0.01396566,0.91074973,0.010837505,0.007354285,0.015794016,0.028978359,0.65247047,5,3
3,mero,3,mero,tusk,elephant,1.5,True,"['tu', '##sk']",['elephant'],2,1,-1.0825862,0.31366837,-0.7512284,2.1107326,-1.3668644,0.7201548,-0.30387637,0.02512592,0.101509735,0.034996845,0.61229783,0.018908694,0.15242018,0.054740828,1.8224663,4,2
2,hyp,2,hyp,mushroom,fungus,5.33,True,['mushroom'],['fungus'],1,1,-0.34663346,-0.642286,0.9559444,0.3102136,-1.5513664,0.1960932,0.9380847,0.0770082,0.05729764,0.2832953,0.14852585,0.023084905,0.13250741,0.27828065,2.4707513,7,1
6,syn,6,syn,wed,marry,4.91,True,['wed'],['marry'],1,1,0.25949085,-0.7812236,0.6665613,-0.14223076,-0.7961936,-0.16651125,0.80456614,0.15998499,0.056507066,0.24036306,0.107056685,0.055667453,0.104488604,0.27593225,2.5817332,4,2
2,hyp,0,ant,sorrow,joy,0.6,False,['sorrow'],['joy'],1,1,0.5994247,-0.6706998,1.071236,-1.1373609,-0.009544872,-0.3480458,0.6759401,0.19720258,0.055373833,0.31609502,0.034724515,0.10726066,0.07645949,0.21288392,2.4908128,5,4
2,hyp,5,r-hyp,accept,allow,3.55,False,['accept'],['allow'],1,1,-0.44860426,-0.73278767,3.091327,-1.250505,-0.56141865,-0.5996768,0.20337017,0.024790468,0.018658016,0.8543923,0.011117921,0.02214573,0.02131448,0.047581002,0.95466053,11,10
4,no-rel,4,no-rel,fungus,kindness,0.15,True,['fungus'],['kindness'],1,1,0.38712692,-0.15798977,-0.46046707,-1.5940169,2.3474855,-0.49061245,0.105361655,0.09598609,0.055650253,0.041124716,0.013237575,0.6816811,0.039903495,0.07241678,1.6649572,1,3
2,hyp,2,hyp,pill,drug,4.15,True,['pill'],['drug'],1,1,-0.979047,-0.4488927,3.954132,-0.7547183,-1.3111159,-0.642141,-0.15152399,0.006794564,0.011545285,0.9432221,0.008503275,0.0048746774,0.009516517,0.015543547,0.4559933,5,3
3,mero,3,mero,toenail,toe,0.77,True,"['toe', '##nail']",['toe'],2,1,-0.46180594,0.15238005,-0.14909086,1.4420468,-1.5908955,-0.26244032,0.54221576,0.06578871,0.12158749,0.08994184,0.44155422,0.021271296,0.08030354,0.1795529,2.316365,2,9
2,hyp,2,hyp,reap,get,4.31,True,"['re', '##ap']",['get'],2,1,-0.55169487,-0.3944555,3.1537392,-1.7225986,0.09713389,-0.5697406,-0.080012426,0.020988049,0.024561808,0.85353565,0.006508111,0.040156405,0.020612704,0.033637308,0.95692766,2,37
2,hyp,2,hyp,tennis,activity,5.42,True,['tennis'],['activity'],1,1,-1.269622,-0.38245648,4.1346626,-0.9373312,-0.75198734,-0.6066249,-0.42580768,0.0042895745,0.010416104,0.95381725,0.005980345,0.0071981354,0.008324346,0.009974203,0.3866109,1,6
2,hyp,6,syn,duty,obligation,4.91,False,['duty'],['obligation'],1,1,-0.036992945,-0.92432755,1.7390342,-0.52730453,-0.8845048,-0.3581144,0.62765485,0.09067702,0.03733642,0.5355697,0.055533823,0.038853265,0.06577123,0.1762585,2.0868917,3,5
2,hyp,2,hyp,ritual,custom,4.46,True,['ritual'],['custom'],1,1,-0.77108556,-0.5637709,3.4248712,-0.5717955,-1.6141232,-0.3301494,0.2335264,0.013407781,0.016496524,0.8905079,0.016364679,0.0057707243,0.020837856,0.036614604,0.7611656,5,5
2,hyp,0,ant,sit,stand,0.55,False,['sit'],['stand'],1,1,-0.5854115,-0.14456052,2.0642443,0.034964684,-1.3431035,-0.71824545,0.3789769,0.044384543,0.06897487,0.6280043,0.08253872,0.020805124,0.03886357,0.11642877,1.8436192,10,24
2,hyp,2,hyp,jazz,music,5.77,True,['jazz'],['music'],1,1,-1.0808808,-0.45724404,3.9964843,-0.9313222,-1.0772974,-0.62209445,-0.21345408,0.0059051225,0.011017191,0.9468921,0.0068577453,0.0059263185,0.009342802,0.014058773,0.4325484,5,5
5,r-hyp,6,syn,attack,assault,4.77,False,['attack'],['assault'],1,1,-0.9625665,-0.41828242,-0.8602347,0.7715608,-0.9509784,1.8013707,-0.13144998,0.034885973,0.06012158,0.03864497,0.19759353,0.035292584,0.5533673,0.08009403,1.9907624,15,7
2,hyp,2,hyp,burglar,crook,5.5,True,"['bu', '##rg', '##lar']",['crook'],3,1,-1.2053434,0.23667175,3.52171,-0.24490705,-1.7254504,-0.51501864,-0.097785965,0.007910139,0.03345363,0.89354664,0.020667894,0.0047022356,0.01577569,0.023943637,0.7396874,1,4
5,r-hyp,5,r-hyp,measure,gallon,0.82,True,['measure'],['gallon'],1,1,-0.92940474,-0.5654218,-1.0915772,0.7587478,-0.8572705,2.020685,0.008326721,0.031811196,0.045777895,0.027048886,0.17208196,0.034190666,0.6078378,0.08125155,1.837021,13,2
2,hyp,2,hyp,gravity,force,5.7,True,['gravity'],['force'],1,1,-1.0758051,-0.0006607242,4.1963987,-1.1466209,-0.7858554,-0.8222568,-0.33812428,0.004891818,0.0143350605,0.95314586,0.004557383,0.0065372325,0.006303545,0.010229185,0.38791668,3,19
2,hyp,2,hyp,aspirin,drug,5.92,True,"['as', '##pi', '##rin']",['drug'],3,1,-1.1915842,-0.3003406,4.2621307,-0.97255653,-0.9548712,-0.645976,-0.34424153,0.004104524,0.010007483,0.958917,0.0051095802,0.005200749,0.007083001,0.00957765,0.35022318,1,3
6,syn,0,ant,patience,impatience,2.43,False,['patience'],['impatience'],1,1,0.28017336,-0.9284561,0.38742912,-0.5036537,-0.15587008,-0.12692186,0.8285578,0.16917308,0.050516143,0.18832669,0.07725374,0.10938556,0.11259837,0.29274642,2.6130672,2,3
5,r-hyp,4,no-rel,stream,oxygen,0.46,False,['stream'],['oxygen'],1,1,-0.94107884,-0.61794966,-0.828287,0.41920772,-0.64332044,2.196562,0.018296342,0.029065982,0.04015302,0.032536432,0.11327914,0.039147127,0.66995424,0.07586411,1.7037307,10,1
2,hyp,2,hyp,lounge,sit,4.3,True,['lounge'],['sit'],1,1,-1.3066131,-0.03954772,3.9122412,-0.38375118,-1.5668517,-0.53711087,-0.13986248,0.0050522806,0.01793771,0.9332696,0.012713974,0.0038946392,0.010906314,0.016225606,0.51438785,4,10
2,hyp,2,hyp,gallon,measure,5.82,True,['gallon'],['measure'],1,1,-1.1650577,-0.1575189,4.204644,-0.64464796,-1.3916595,-0.62980884,-0.19067384,0.004437048,0.012152418,0.9530727,0.007466295,0.0035373834,0.0075779147,0.011756111,0.38838774,2,13
6,syn,5,r-hyp,break,crunch,3.75,False,['break'],['crunch'],1,1,0.47580132,-0.5285554,0.28251734,-0.9383719,0.4215464,-0.30244136,0.726056,0.19514443,0.07147753,0.16084738,0.04744479,0.18483897,0.08961272,0.25063422,2.6271985,75,7
2,hyp,2,hyp,jungle,forest,4.75,True,['jungle'],['forest'],1,1,-0.51759195,-0.24655098,2.0321848,0.07253496,-1.7228222,-0.35584673,0.61571664,0.046509698,0.060989507,0.5955216,0.0839136,0.013935377,0.054674983,0.14445522,1.915663,3,3
2,hyp,2,hyp,suggest,say,3.75,True,['suggest'],['say'],1,1,-0.5449025,-0.696598,2.629567,-1.0355363,-0.78078955,-0.42827165,0.37754613,0.032452114,0.027884476,0.77606404,0.019868426,0.025632946,0.036466595,0.08163142,1.3054497,5,12
2,hyp,2,hyp,lava,rock,3.07,True,['lava'],['rock'],1,1,-1.2969533,-0.07472532,4.2753463,-0.5475124,-1.375806,-0.5237403,-0.3122854,0.0036321816,0.0123303225,0.95540273,0.007685029,0.0033567755,0.007869909,0.009723069,0.37208167,1,9
2,hyp,2,hyp,marry,join,3.55,True,['marry'],['join'],1,1,-0.7113764,0.10185968,3.378143,-1.1895707,-0.66531515,-0.35809305,-0.20667604,0.0147680715,0.033304866,0.8818191,0.009154754,0.01546422,0.021025812,0.024463149,0.8163885,2,7
2,hyp,1,cohyp,clam,mussel,3.38,False,"['cl', '##am']","['mu', '##ssel']",2,2,-1.3515071,0.22794534,4.1956425,-0.601346,-1.4025693,-0.6397851,-0.2616764,0.0036977257,0.01794247,0.94848657,0.007829347,0.0035136517,0.0075341035,0.01099619,0.41443056,4,2
4,no-rel,6,syn,overwhelm,overcome,2.85,False,"['over', '##w', '##helm']",['overcome'],3,1,0.5775254,-0.041947342,-0.041792538,-1.7362913,2.0183609,-0.48120975,0.07373388,0.13604006,0.07322059,0.07323192,0.013452069,0.57466364,0.047191523,0.08220022,1.990952,4,4
3,mero,0,ant,professional,amateur,0.23,False,['professional'],['amateur'],1,1,-0.3135237,-0.50350714,0.49888524,0.7885642,-1.7862532,0.41314727,0.7036843,0.08227952,0.06804293,0.18540289,0.24769798,0.018866591,0.1701692,0.22754095,2.538601,8,4
2,hyp,0,ant,disbelief,belief,3.0,False,['disbelief'],['belief'],1,1,-0.23425034,-0.98801184,1.9550209,-0.5804436,-1.0300854,-0.26570666,0.5379688,0.06806669,0.032031707,0.60774726,0.04814872,0.030711973,0.065958895,0.14733472,1.8903612,2,2
5,r-hyp,3,mero,act,drama,3.62,False,['act'],['drama'],1,1,-0.6929932,-0.2711298,-1.2957749,0.35109928,-0.20896107,1.555178,0.10678901,0.051999465,0.0792888,0.028458633,0.14772108,0.08437452,0.49245578,0.115701735,2.2296731,15,4
2,hyp,5,r-hyp,create,build,3.77,False,['create'],['build'],1,1,-0.30170992,-0.9857337,2.0066695,-0.56258506,-1.0807306,-0.09622773,0.58956987,0.060759656,0.03065826,0.6111274,0.04680784,0.027879884,0.07461998,0.14814709,1.8721032,6,12
2,hyp,2,hyp,grab,take,4.5,True,['grab'],['take'],1,1,-0.9975011,-0.24895415,3.8635957,-1.2693725,-0.51988333,-0.809283,-0.29823232,0.0072530364,0.015332386,0.9368443,0.005526469,0.011693557,0.008755118,0.014595146,0.49748576,8,44
4,no-rel,4,no-rel,procedure,tear,0.08,True,['procedure'],['tear'],1,1,0.30715123,0.092864424,-0.68301505,-1.3662603,2.4311497,-0.35738432,-0.07669695,0.0838469,0.06767424,0.031150367,0.015730176,0.70133865,0.04314026,0.057119425,1.6033866,4,9
4,no-rel,4,no-rel,snail,courage,0.15,True,['snail'],['courage'],1,1,0.29448804,0.1247752,-0.4976545,-1.4641001,2.4367037,-0.5992065,-0.06183054,0.082666814,0.069763124,0.03743761,0.014242496,0.70418,0.033822417,0.057887405,1.5896001,3,1
2,hyp,2,hyp,medicine,drug,3.83,True,['medicine'],['drug'],1,1,-1.0824202,-0.33970177,4.1776905,-0.779575,-1.3253361,-0.5715997,-0.22121881,0.0049560107,0.010415758,0.95404613,0.006708978,0.0038871863,0.008259975,0.011725933,0.3832148,5,3
2,hyp,6,syn,speech,language,3.67,False,['speech'],['language'],1,1,-0.8916681,-0.3658285,2.8289654,0.08754867,-2.015747,-0.16998366,0.3539857,0.019046588,0.032224514,0.78644395,0.05070907,0.0061892206,0.03919591,0.066190824,1.2470902,8,6
2,hyp,1,cohyp,traitor,thief,1.58,False,['traitor'],['thief'],1,1,-0.064007886,0.19521756,2.0471275,-1.3510199,0.05343786,-0.5716012,0.082584664,0.07291777,0.09449604,0.60212666,0.0201322,0.08200483,0.043892313,0.08443018,1.9461063,2,1
2,hyp,2,hyp,maroon,color,5.9,True,['maroon'],['color'],1,1,-1.0518028,-0.26895833,4.1592083,-0.9924821,-0.87364286,-0.79067534,-0.25071082,0.0052015763,0.011379417,0.95334095,0.005519472,0.0062159677,0.006753691,0.011588965,0.38885412,6,15
2,hyp,6,syn,existence,being,4.69,False,['existence'],['being'],1,1,-0.69083774,-0.7966388,2.9697425,-0.5485354,-1.5766859,-0.10989294,0.1664597,0.021508476,0.019349102,0.83633333,0.024797663,0.008869324,0.038451277,0.050690804,1.0364653,2,15
2,hyp,2,hyp,wound,injury,5.46,True,['wound'],['injury'],1,1,-0.8689555,-0.31859016,4.057415,-0.88147855,-1.1884645,-0.70904225,-0.13621739,0.0068690595,0.011910169,0.9470935,0.0067835767,0.0049904105,0.008060219,0.014292933,0.43043718,14,5
1,cohyp,1,cohyp,mussel,scallop,2.85,True,"['mu', '##ssel']","['sc', '##all', '##op']",2,3,-0.95116043,1.6061583,0.2854199,0.6911114,-0.6453808,-0.13584453,-0.82410425,0.03667713,0.47317824,0.12630932,0.18950687,0.049795926,0.082886264,0.04164618,2.2217853,2,9
3,mero,1,cohyp,back,shoulder,1.69,False,['back'],['shoulder'],1,1,-0.94207466,0.2774133,-1.1445733,1.9628692,-1.0627433,0.73076135,-0.41489908,0.03187344,0.10790607,0.026030647,0.5821435,0.028250316,0.16979793,0.053998094,1.9035889,28,8
2,hyp,5,r-hyp,destroy,kill,3.92,False,['destroy'],['kill'],1,1,-0.15203927,-0.91806626,2.3624215,-1.0126705,-0.60281795,-0.511962,0.41559765,0.057648018,0.026798043,0.7125262,0.024379062,0.036729384,0.040222768,0.1016965,1.5532007,4,17
2,hyp,2,hyp,pony,horse,4.75,True,['pony'],['horse'],1,1,-1.0306549,-0.107551105,3.8829377,-0.48657215,-1.6477582,-0.7131032,-0.008069719,0.006846441,0.01723311,0.93198925,0.011796603,0.003693688,0.009405368,0.019035656,0.5224181,5,6
2,hyp,3,mero,sandwich,meal,4.31,False,['sandwich'],['meal'],1,1,-1.1222148,-0.358746,4.044068,-0.7686075,-1.1902199,-0.71273565,-0.25744274,0.0054157455,0.011620599,0.94917506,0.0077130813,0.0050596916,0.008156293,0.012859495,0.4169709,3,3
2,hyp,2,hyp,foe,adversary,4.86,True,['foe'],['adversary'],1,1,-0.624375,-0.6274125,3.4351413,-1.1268184,-0.75222707,-0.80119795,-0.013954538,0.01559882,0.015551511,0.9038936,0.009438074,0.013726706,0.013070693,0.02872063,0.6961194,2,1
2,hyp,2,hyp,shatter,break,5.15,True,['shatter'],['break'],1,1,0.12662877,-1.0591648,1.3783083,-0.94881713,-0.1495355,-0.30079663,0.7672877,0.118322685,0.03614801,0.41368097,0.04036526,0.089770034,0.07716841,0.22454463,2.3324583,3,75
2,hyp,2,hyp,job,activity,4.77,True,['job'],['activity'],1,1,-1.1846806,-0.39224243,4.247209,-0.7109831,-1.2844968,-0.5809573,-0.26319715,0.004190371,0.009255585,0.95783806,0.0067294026,0.0037923004,0.0076638334,0.010530467,0.35724238,17,6
2,hyp,2,hyp,rum,alcohol,5.62,True,['rum'],['alcohol'],1,1,-1.0362321,-0.33181942,4.0570917,-0.67729086,-1.3945037,-0.6514186,-0.18750197,0.0058176783,0.011767173,0.9478772,0.008329824,0.0040658778,0.008548148,0.013594039,0.42467022,3,2
2,hyp,2,hyp,smother,kill,4.4,True,"['sm', '##oth', '##er']",['kill'],3,1,-0.9281839,-0.565559,3.7490268,-1.1105229,-0.74836326,-0.7271007,-0.20530917,0.008679019,0.012472592,0.9327333,0.0072323917,0.010388813,0.010612066,0.017881798,0.52531976,7,17
2,hyp,2,hyp,search,examine,4.15,True,['search'],['examine'],1,1,-1.2664305,-0.8914509,2.3163455,-0.4911841,-1.228832,1.1126904,0.12344273,0.017715601,0.025775526,0.63728803,0.03846283,0.018394364,0.19124718,0.07111647,1.6678004,9,5
4,no-rel,4,no-rel,destiny,stream,0.38,True,['destiny'],['stream'],1,1,0.4609415,-0.3369742,-0.17321679,-1.5994097,1.8544366,-0.29366046,0.3745612,0.13290083,0.05984079,0.07048817,0.016932787,0.5354451,0.062489673,0.12190267,2.102054,3,10
2,hyp,2,hyp,doll,toy,5.93,True,['doll'],['toy'],1,1,-0.6794716,-0.52562445,3.2808592,-0.59802735,-1.5327469,-0.47619525,0.22221445,0.01671094,0.019490182,0.8769014,0.01812891,0.0071191494,0.020477772,0.041171644,0.8355873,2,8
4,no-rel,4,no-rel,attack,remove,1.14,True,['attack'],['remove'],1,1,0.40515324,0.26898694,0.27809447,-1.6402655,1.1942428,-0.16285077,0.037136044,0.15765764,0.13758743,0.13884623,0.020389233,0.34706616,0.08933754,0.10911568,2.513816,15,9
6,syn,0,ant,joy,sorrow,0.69,False,['joy'],['sorrow'],1,1,0.3734037,-1.089503,0.61482793,-0.5905732,-0.2695896,-0.037140034,0.83491725,0.1766324,0.04090138,0.22486381,0.06736287,0.09285855,0.11715842,0.2802226,2.571817,4,5
2,hyp,2,hyp,citrus,tree,3.42,True,['citrus'],['tree'],1,1,-1.2341784,-0.23970816,4.235382,-0.6348793,-1.3623426,-0.577122,-0.2693735,0.004027174,0.01088663,0.95587337,0.00733285,0.0035427404,0.007768846,0.010568416,0.36992902,2,7
3,mero,3,mero,flour,bread,0.25,True,['flour'],['bread'],1,1,-1.3562375,1.1883858,0.5390146,1.6988895,-1.3596708,-0.13580155,-0.62355876,0.020797621,0.26492906,0.13839208,0.4414063,0.02072634,0.07047618,0.043272506,2.1211753,3,3
6,syn,0,ant,hope,despair,0.17,False,['hope'],['despair'],1,1,0.3199065,-1.1670249,0.6877298,-0.64681226,-0.25984335,-0.04720389,0.84281504,0.16692597,0.037736163,0.24113902,0.06348677,0.09348495,0.11563516,0.28159192,2.5512552,9,3
5,r-hyp,3,mero,picture,television,0.64,False,['picture'],['television'],1,1,-1.0133238,-0.08328972,-0.9570647,1.3925266,-0.8812241,1.6678779,-0.45748597,0.030149926,0.07641786,0.031894755,0.334298,0.034407757,0.44026822,0.05256341,2.034526,12,3
2,hyp,2,hyp,phone,device,5.54,True,['phone'],['device'],1,1,-1.076461,-0.4247384,4.0566235,-0.7480145,-1.2307371,-0.67911875,-0.25103444,0.005603037,0.010751349,0.94993454,0.007781547,0.004802,0.008336563,0.012790917,0.41212004,4,5
4,no-rel,1,cohyp,pour,spill,2.08,False,['pour'],['spill'],1,1,0.45625266,-0.0444574,-0.3841359,-1.6187648,2.0928745,-0.4083619,0.17046282,0.11801338,0.07152792,0.050927825,0.014817078,0.60632724,0.04970887,0.088677675,1.9076911,6,10
3,mero,5,r-hyp,extremity,leg,2.08,False,"['ex', '##tre', '##mity']",['leg'],3,1,-0.9628795,0.08419465,-0.8165801,2.0346131,-1.4870378,0.6973558,-0.2045603,0.03027609,0.08626573,0.035045862,0.6065886,0.017925065,0.15926883,0.06462991,1.8461598,5,9
1,cohyp,3,mero,bread,sandwich,1.31,False,['bread'],['sandwich'],1,1,-0.8065814,1.4147186,-0.9819112,0.98561776,-0.033675224,0.115885474,-0.84614104,0.044045325,0.4060675,0.03696197,0.2643882,0.09540448,0.110795505,0.042336926,2.27789,3,3
3,mero,1,cohyp,chamber,cell,3.0,False,['chamber'],['cell'],1,1,-1.1374441,0.77938884,0.20488644,1.7618375,-1.5781821,-0.0075599034,-0.13728838,0.027589248,0.18759006,0.10561038,0.5010509,0.017755369,0.085396945,0.07500703,2.1245365,6,7
2,hyp,2,hyp,demand,request,3.91,True,['demand'],['request'],1,1,-0.46771595,-0.775097,2.5696075,-0.70325387,-1.1585368,-0.39323926,0.4383325,0.03645924,0.026811041,0.760152,0.02880811,0.01827208,0.039278276,0.090219304,1.3643769,11,5
5,r-hyp,5,r-hyp,meal,supper,1.77,True,['meal'],['supper'],1,1,-0.85026115,-0.42754412,-1.0370281,1.393685,-1.2333308,1.676739,-0.12743126,0.035658076,0.05441788,0.029583262,0.3362725,0.024310438,0.44629306,0.07346474,2.0055645,3,2
2,hyp,1,cohyp,stir,turn,2.86,False,['stir'],['turn'],1,1,-0.17556004,0.37116984,1.1554933,-1.5209156,1.0187837,-0.53187114,-0.050897572,0.08398082,0.14508478,0.31786975,0.021872561,0.27725348,0.05880797,0.095130615,2.426798,11,38
2,hyp,4,no-rel,accelerate,build,0.57,False,['accelerate'],['build'],1,1,-0.86197084,-0.46112728,3.552303,-1.0530151,-0.99065816,-0.5302702,0.04492734,0.011026548,0.016463552,0.9110334,0.009108987,0.009695079,0.015363677,0.02730866,0.6527104,2,12
2,hyp,2,hyp,reminiscence,memory,4.09,True,"['re', '##mini', '##sc', '##ence']",['memory'],4,1,-0.9555468,-0.349486,3.8853648,-1.1274426,-0.8982651,-0.3961439,-0.075177,0.0073811463,0.013531083,0.93434,0.006215418,0.007816294,0.012914257,0.017801784,0.51257885,2,5
2,hyp,2,hyp,religion,belief,4.58,True,['religion'],['belief'],1,1,-0.90318036,-0.6194352,3.769211,-0.8055756,-1.3961049,-0.46523175,-0.043219183,0.00870267,0.011557969,0.9307785,0.0095949285,0.0053159157,0.013485009,0.020565012,0.53376454,2,2
2,hyp,3,mero,gauze,bandage,4.9,False,"['ga', '##uze']",['bandage'],2,1,-1.4985763,0.7843074,3.3057487,0.038851175,-1.2500595,-0.5462061,-0.5769297,0.0069501386,0.06814552,0.84817475,0.03233626,0.008910931,0.018013684,0.017468655,0.9425603,2,3
3,mero,5,r-hyp,tissue,skin,2.62,False,['tissue'],['skin'],1,1,-1.0388329,-0.34772477,-0.8162142,1.7586555,-1.304469,1.4268006,-0.14610685,0.028067734,0.056021128,0.035066262,0.46040618,0.021520039,0.3303835,0.06853515,1.9744138,3,10
2,hyp,2,hyp,pinch,touch,4.85,True,['pinch'],['touch'],1,1,-1.2031857,-0.040454037,4.223709,-1.1118643,-0.8224262,-0.7688746,-0.3765592,0.0042011677,0.013438103,0.95552146,0.0046028886,0.0061479695,0.006486178,0.009602168,0.3718366,12,27
4,no-rel,4,no-rel,destroy,taste,0.2,True,['destroy'],['taste'],1,1,0.5749454,0.00020369218,0.034289245,-1.7423859,1.917954,-0.44267818,0.1117274,0.14154258,0.07966728,0.08242959,0.013947069,0.542186,0.051160973,0.08906643,2.0817914,4,13
2,hyp,0,ant,build,break,0.64,False,['build'],['break'],1,1,-0.3979535,-0.10588879,2.3478372,-0.95233685,-0.4343649,-0.58735305,0.10622966,0.045583267,0.06104464,0.7100472,0.026184233,0.043953367,0.037718143,0.075469136,1.5955551,12,75
2,hyp,1,cohyp,brand,type,3.43,False,['brand'],['type'],1,1,-1.1047094,-0.23059937,4.132088,-1.1797,-0.65980965,-0.7586705,-0.2754217,0.0050592744,0.012125769,0.9514817,0.0046937526,0.007894156,0.0071510696,0.011594266,0.40102068,10,8
3,mero,3,mero,tree,forest,0.5,True,['tree'],['forest'],1,1,-0.5090912,-0.7386851,-0.45399737,1.1449223,-1.3736218,1.0470107,0.5543702,0.061968043,0.049255688,0.06547789,0.32396394,0.026103985,0.2937475,0.17948294,2.3481169,7,3
4,no-rel,2,hyp,capture,seize,5.5,False,['capture'],['seize'],1,1,0.50229406,0.54242617,-0.743642,-0.8339511,0.9996554,-0.095971905,0.12492107,0.18277353,0.19025779,0.052578744,0.048038498,0.30054852,0.10048233,0.12532055,2.567275,11,8
2,hyp,2,hyp,grab,touch,4.3,True,['grab'],['touch'],1,1,-1.1127915,-0.15164244,3.9083085,-1.3877019,-0.24884015,-0.79366076,-0.39597532,0.0061824317,0.0161652,0.9371203,0.004696423,0.014667922,0.008506602,0.012661021,0.49334332,8,27
2,hyp,3,mero,nucleus,atom,1.15,False,['nucleus'],['atom'],1,1,-1.4090704,0.3783059,3.567571,0.10995384,-1.7810644,-0.66684085,-0.1800496,0.0061449236,0.036708288,0.8909315,0.02806857,0.0042360546,0.01290811,0.021002615,0.7447435,6,2
5,r-hyp,5,r-hyp,flower,orchid,2.15,True,['flower'],['orchid'],1,1,-0.97301257,-0.6431136,-0.795481,0.46877298,-0.5862775,2.1855118,-0.28787002,0.028731175,0.039960116,0.03431266,0.12148228,0.042297076,0.67621243,0.057004232,1.6794401,4,1
2,hyp,4,no-rel,hockey,sentence,0.71,False,['hockey'],['sentence'],1,1,-0.6315191,0.33129692,1.9903316,-1.7587757,1.3299085,-0.65277404,-0.40481916,0.036972623,0.09683357,0.5087865,0.011976197,0.26285574,0.036195062,0.04638043,1.9599955,2,4
2,hyp,1,cohyp,perfume,deodorant,2.64,False,['perfume'],"['de', '##od', '##oran', '##t']",1,4,-1.2835883,0.7419686,3.5814042,-0.85429466,-0.7894436,-0.6822107,-0.57724684,0.006883413,0.052178558,0.89257205,0.010574107,0.011282575,0.012559691,0.013949676,0.7257808,4,1
2,hyp,2,hyp,recommend,advise,4.0,True,['recommend'],['advise'],1,1,-0.7170373,-0.5867866,3.021088,-0.7697654,-1.5031433,-0.33121207,0.26680353,0.020117465,0.022916092,0.8453187,0.019084193,0.009165833,0.029589329,0.053808387,0.9913207,3,3
5,r-hyp,3,mero,sister,sorority,1.07,False,['sister'],['sorority'],1,1,-0.7476181,-0.535851,-1.0110224,0.9078945,-0.88040054,1.8065777,0.17805089,0.040815957,0.050442815,0.03136425,0.21370271,0.035740722,0.52493215,0.10300136,2.0357797,4,1
5,r-hyp,0,ant,answer,question,0.82,False,['answer'],['question'],1,1,-0.5068591,-0.8250882,0.1687279,0.79412115,-1.5896794,0.94773066,0.6509917,0.06591972,0.04795239,0.12954453,0.24211623,0.022322997,0.28231612,0.20982806,2.4563882,15,11
2,hyp,2,hyp,bone,tissue,1.23,True,['bone'],['tissue'],1,1,-1.2894808,-0.11853454,4.2719917,-0.49778318,-1.3751985,-0.59685194,-0.2961404,0.0036730284,0.011845673,0.9557429,0.008106888,0.0033713013,0.0073422506,0.009918056,0.36999977,6,3
2,hyp,2,hyp,quotient,amount,4.42,True,"['quo', '##tie', '##nt']",['amount'],3,1,-0.871436,-0.03413818,3.8493307,-1.0159798,-0.93093467,-0.84650165,-0.15802987,0.008303014,0.019180922,0.9320487,0.0071855667,0.007823404,0.008512645,0.016945878,0.5255675,2,7
2,hyp,6,syn,way,path,4.67,False,['way'],['path'],1,1,-0.73872906,-0.20395118,3.0356162,-0.23132141,-1.7073115,-0.48568463,0.16352081,0.019205019,0.03278429,0.8367428,0.031899147,0.0072906245,0.024734918,0.047343113,1.0370038,13,4
2,hyp,2,hyp,daughter,female,4.8,True,['daughter'],['female'],1,1,-0.8026916,0.2074119,3.8049653,-0.9953722,-1.1059314,-0.79075795,-0.13431211,0.009214798,0.025302783,0.9237741,0.007599863,0.006804409,0.009325424,0.017978745,0.5718159,1,5
2,hyp,3,mero,eyeball,eye,2.17,False,"['eye', '##ball']",['eye'],2,1,-1.511444,0.5400905,2.329631,1.1511915,-1.6931034,-0.30418473,-0.4109324,0.013008426,0.10120334,0.6058741,0.18646297,0.010847532,0.043504156,0.039099466,1.7561429,2,6
6,syn,0,ant,son,daughter,0.91,False,['son'],['daughter'],1,1,0.24834964,-0.4452871,0.44163993,-0.23196064,-0.6238596,-0.11656473,0.5316534,0.173269,0.0865921,0.210216,0.10718272,0.07243112,0.120293066,0.23001605,2.6916778,2,1
4,no-rel,4,no-rel,restroom,communication,0.14,True,['restroom'],['communication'],1,1,-0.1755922,-0.029297493,1.3143284,-1.9008186,1.8025293,-0.5401065,-0.12559031,0.06350266,0.0735067,0.281745,0.011311902,0.4590703,0.04410475,0.06675864,2.09234,1,3
5,r-hyp,5,r-hyp,light,aura,2.67,True,['light'],['aura'],1,1,-0.9414225,-0.12809305,-0.95318705,1.2497764,-1.1128318,1.3854411,0.02604426,0.03716209,0.08381556,0.03672746,0.3324495,0.031308193,0.3807537,0.097783506,2.194437,47,3
2,hyp,2,hyp,siren,signal,4.92,True,['siren'],['signal'],1,1,-1.060951,-0.4472428,4.117601,-0.88552165,-1.1841247,-0.6230654,-0.17656262,0.005367118,0.009914507,0.9522644,0.0063963044,0.004745123,0.008315958,0.012996486,0.39581144,5,6
2,hyp,2,hyp,pill,medication,4.7,True,['pill'],['medication'],1,1,-1.2787181,-0.19299677,4.0298653,-0.52287924,-1.5312904,-0.46675253,-0.16447571,0.0046678563,0.013824203,0.9432045,0.009939719,0.00362599,0.010513554,0.01422416,0.45298266,5,2
2,hyp,2,hyp,leather,material,5.54,True,['leather'],['material'],1,1,-1.2175225,-0.25037852,4.3294387,-0.7819597,-1.0909852,-0.65328544,-0.35144135,0.003746666,0.00985531,0.96085906,0.0057917214,0.004252061,0.0065870364,0.008907981,0.33617082,2,11
2,hyp,3,mero,shelf,counter,1.91,False,['shelf'],['counter'],1,1,-0.39456734,-0.36673278,0.90185803,0.3788209,-1.3146838,-0.32708994,0.824665,0.07871293,0.08093465,0.2877905,0.17057851,0.03136495,0.08420757,0.2664109,2.5002387,2,13
2,hyp,2,hyp,skin,tissue,4.7,True,['skin'],['tissue'],1,1,-1.2060099,-0.20141232,4.1276135,-0.44994843,-1.5008273,-0.6425652,-0.19279565,0.004580772,0.01250921,0.9490779,0.009756454,0.003411152,0.008047103,0.0126174595,0.41493085,10,3
2,hyp,6,syn,damage,harm,4.38,False,['damage'],['harm'],1,1,-0.37770092,-0.7536198,2.9896164,-1.049005,-0.8294126,-0.5785483,0.24499638,0.028971365,0.01989342,0.84018755,0.014805573,0.018441366,0.02369965,0.054001138,1.0230883,7,4
5,r-hyp,5,r-hyp,take,kidnap,4.4,True,['take'],['kidnap'],1,1,-0.36668414,-0.5442922,-0.2247146,-0.36270872,-0.07771586,0.9650815,0.19454424,0.092001446,0.0770301,0.10603549,0.09236792,0.12282648,0.3484762,0.16126238,2.5883746,44,1
2,hyp,2,hyp,buzz,fly,1.92,True,['buzz'],['fly'],1,1,-1.2481996,0.03848947,4.050338,-0.35722095,-1.5409344,-0.52563816,-0.24612144,0.0047029583,0.017028365,0.94079846,0.011463522,0.0035094405,0.009686693,0.012810559,0.4671084,6,20
5,r-hyp,5,r-hyp,forest,jungle,3.2,True,['forest'],['jungle'],1,1,-0.8903109,-0.3176015,-0.66755813,1.4232736,-1.4166898,1.4368448,0.12093286,0.036072847,0.06395948,0.04507343,0.3647181,0.021309678,0.36970153,0.09916489,2.1385393,3,3
2,hyp,2,hyp,bend,turn,4.25,True,['bend'],['turn'],1,1,-0.45542994,0.75036895,1.3312356,0.44598067,-1.4987355,-0.98163456,0.110089794,0.06461823,0.21578778,0.38573945,0.15915954,0.02276424,0.038179237,0.11375151,2.3457036,12,38
5,r-hyp,5,r-hyp,sit,lounge,3.92,True,['sit'],['lounge'],1,1,-1.0170065,-0.3573817,-0.9578846,1.3941125,-1.147646,1.7140975,-0.17826785,0.029689273,0.05742102,0.031497486,0.33092928,0.026053347,0.45572507,0.06868456,1.9916176,10,4
2,hyp,6,syn,sum,amount,3.64,False,['sum'],['amount'],1,1,-1.0849881,-0.20193198,4.0518694,-0.6585094,-1.4462007,-0.67899966,-0.14870174,0.005559312,0.013443967,0.94608444,0.008516055,0.003873899,0.008343331,0.014178983,0.43513507,8,7
4,no-rel,4,no-rel,restroom,alligator,0.25,True,['restroom'],['alligator'],1,1,0.295796,0.012448692,-0.47820607,-1.4206841,2.3632283,-0.48150283,0.043916624,0.086688116,0.06529854,0.03997742,0.015577644,0.6852264,0.039845847,0.06738602,1.6632944,1,3
2,hyp,2,hyp,allow,accept,4.0,True,['allow'],['accept'],1,1,-0.028526183,-0.9467346,1.9280274,-1.3707548,0.042534903,-0.16637823,0.53631806,0.08038942,0.032094162,0.5687473,0.02100276,0.08630986,0.070037484,0.14141896,2.0044653,10,11
4,no-rel,4,no-rel,speaker,hell,0.23,True,['speaker'],['hell'],1,1,0.33618593,-0.30101565,-0.71182996,-1.3771613,2.3475168,-0.3267607,0.18846254,0.09165128,0.048462454,0.032135945,0.01652119,0.68493354,0.04723071,0.07906478,1.656204,3,6
2,hyp,2,hyp,hamper,hold,2.0,True,"['ham', '##per']",['hold'],2,1,-0.951701,-0.62964493,3.3468635,-1.3833609,0.046749234,-0.6772474,-0.07986519,0.012041715,0.016617112,0.8861988,0.007820251,0.03268209,0.015844628,0.028795313,0.78761697,4,45
2,hyp,2,hyp,smash,destroy,5.25,True,['smash'],['destroy'],1,1,-0.48219934,-0.2737646,3.2347057,-1.2830164,-0.5216192,-0.8092416,0.031118032,0.021199547,0.026112512,0.87208325,0.009517792,0.020380126,0.015286004,0.035420727,0.86868185,16,4
6,syn,5,r-hyp,pull,tug,4.0,False,['pull'],['tug'],1,1,0.3073436,0.09232914,0.25700173,-0.25426075,-0.4780243,-0.39058068,0.61712253,0.1771661,0.14288975,0.16846801,0.10103665,0.080779225,0.088160895,0.24149933,2.7076128,24,9
2,hyp,2,hyp,daughter,child,5.62,True,['daughter'],['child'],1,1,-0.50314826,-0.32267427,3.1480756,-0.58346844,-1.4773203,-0.6611908,0.17728034,0.022297323,0.0267074,0.8589327,0.020576434,0.008417347,0.019037757,0.044031065,0.9308478,1,4
2,hyp,2,hyp,claim,say,2.71,True,['claim'],['say'],1,1,-0.94086576,-0.26703462,3.3959262,-0.8006636,-1.2506894,-0.3804639,0.21754184,0.011595021,0.022746403,0.88657683,0.0133401435,0.008505833,0.020307245,0.036928497,0.7841903,11,12
2,hyp,2,hyp,crave,desire,4.85,True,"['cr', '##ave']",['desire'],2,1,-0.70041895,-0.581142,3.0589025,-1.125062,-0.8861184,-0.21841082,0.19266696,0.019765785,0.022269752,0.8483335,0.012926883,0.01641594,0.03200719,0.04828101,0.9838884,2,6
2,hyp,2,hyp,extension,addition,3.25,True,['extension'],['addition'],1,1,-0.5647982,-0.58264726,3.0505219,-1.0064944,-1.0681584,-0.4048971,0.21949093,0.022853367,0.02244907,0.84930503,0.014693454,0.013814772,0.026816016,0.050068274,0.9787762,12,6
3,mero,1,cohyp,skin,hair,1.17,False,['skin'],['hair'],1,1,-1.1389465,0.8016083,-0.56771165,2.143938,-1.2124037,0.27205193,-0.5190478,0.023108793,0.16089757,0.04091301,0.6159081,0.021472132,0.09474713,0.042953234,1.8051691,10,6
1,cohyp,4,no-rel,tissue,meal,0.4,False,['tissue'],['meal'],1,1,-0.61831594,1.3472223,-0.55230725,0.5285843,0.09475322,-0.0047510494,-0.9090348,0.05885683,0.42016444,0.06287298,0.18530594,0.120082274,0.10870881,0.044008777,2.3812947,3,3
1,cohyp,1,cohyp,almond,peanut,1.2,True,['almond'],['peanut'],1,1,-0.76306343,1.7234021,0.089156836,-0.03600126,0.07653804,-0.27499264,-0.9185779,0.044977885,0.5405766,0.105466254,0.09305893,0.10414376,0.07327662,0.038499918,2.1390884,2,5
4,no-rel,4,no-rel,crook,sickness,1.17,True,['crook'],['sickness'],1,1,0.28724584,-0.031022407,-0.41505727,-1.5441221,2.3592045,-0.53170913,-0.0019279898,0.08685697,0.06318043,0.04303268,0.013913994,0.68967575,0.03829456,0.065045625,1.6453874,4,3
5,r-hyp,5,r-hyp,touch,grab,2.77,True,['touch'],['grab'],1,1,-0.991796,0.22617742,-0.8569409,1.0113074,-0.6398753,1.4504156,-0.29074603,0.035877235,0.12127691,0.041056864,0.26592287,0.051010095,0.41253233,0.07232378,2.2586653,27,8
2,hyp,6,syn,medication,medicine,5.0,False,['medication'],['medicine'],1,1,-1.3387834,-0.107949615,3.5491045,-0.066934645,-1.7760785,-0.13651809,-0.05582053,0.006745576,0.023097418,0.89495623,0.024064453,0.004356164,0.022446897,0.024333399,0.73445714,2,5
4,no-rel,6,syn,prohibit,disallow,5.0,False,['prohibit'],"['di', '##sal', '##low']",1,3,0.30854428,0.07643645,-0.42948696,-1.5308304,2.2778995,-0.5100955,-0.06739889,0.093252614,0.073936336,0.0445798,0.014819407,0.66825336,0.041127317,0.06403111,1.7189367,1,1
2,hyp,2,hyp,king,monarch,5.46,True,['king'],['monarch'],1,1,-0.562371,-0.22078997,2.4891562,0.20399831,-1.859088,-0.4169017,0.29515448,0.033905137,0.047710318,0.7170129,0.072961785,0.009270614,0.039214082,0.07992528,1.5318118,10,2
1,cohyp,1,cohyp,baseball,football,0.4,True,['baseball'],['football'],1,1,-0.59363407,1.6478827,-0.33341017,0.47213593,-0.08954553,-0.24263304,-0.85944694,0.05419928,0.5098846,0.07030842,0.15734449,0.089725606,0.07698947,0.041548222,2.2000742,2,2
3,mero,1,cohyp,adult,child,0.36,False,['adult'],['child'],1,1,-0.69255894,-0.27898037,-0.5564366,1.460098,-1.5650035,0.988643,0.36431584,0.047771364,0.0722408,0.05473749,0.4112015,0.01996502,0.25662822,0.13745564,2.2499206,4,4
1,cohyp,4,no-rel,neck,stream,0.18,False,['neck'],['stream'],1,1,-0.18210647,1.3990378,-1.1027668,-0.016208824,1.1343169,-0.68084085,-0.6854107,0.08076822,0.39257511,0.03216643,0.09534303,0.30127004,0.04905044,0.0488268,2.2530425,6,10
2,hyp,2,hyp,observe,watch,5.15,True,['observe'],['watch'],1,1,-0.8543823,-0.33648822,1.3244007,0.6096543,-1.9112114,0.6360672,0.42365465,0.04129903,0.06931997,0.3648995,0.17855123,0.014353733,0.18333013,0.14824644,2.3761683,9,13
2,hyp,2,hyp,embrace,hold,5.1,True,['embrace'],['hold'],1,1,-0.27973428,-0.0008480169,2.1989267,-1.8107731,0.9948884,-0.6584676,-0.097350255,0.05018717,0.066330224,0.5984964,0.01085603,0.17953716,0.034364577,0.060228366,1.8464136,6,45
1,cohyp,1,cohyp,rifle,pistol,2.23,True,['rifle'],['pistol'],1,1,-1.0527958,1.5843748,0.86583954,0.6393,-0.9400533,-0.32018661,-0.74715763,0.031472813,0.43978885,0.214382,0.17092416,0.035228897,0.06547925,0.04272406,2.2120721,3,1
2,hyp,2,hyp,love,feeling,6.0,True,['love'],['feeling'],1,1,-0.8420193,-0.46178922,3.812783,-1.2487528,-0.55763733,-0.7909786,-0.23937279,0.008894807,0.013009731,0.93474144,0.0059223543,0.011820667,0.00936059,0.016250342,0.51227254,10,19
5,r-hyp,2,hyp,thief,crook,5.43,False,['thief'],['crook'],1,1,-0.69088596,-0.67660725,-0.5520253,0.85601634,-1.2500244,1.4750609,0.41696003,0.049547553,0.05026011,0.05692835,0.23271981,0.028326407,0.43219626,0.15002154,2.2357855,1,4
5,r-hyp,5,r-hyp,tissue,bone,1.2,True,['tissue'],['bone'],1,1,-1.080551,-0.48614848,-0.81629246,1.2540028,-1.0272171,1.8661265,-0.17819513,0.027025536,0.04896888,0.035199814,0.27903473,0.028506046,0.51463604,0.06662888,1.937586,3,6
4,no-rel,4,no-rel,female,bracelet,0.08,True,['female'],['bracelet'],1,1,-0.6149567,0.34950504,-0.68515843,-0.75117207,1.5164826,0.4288814,-0.317288,0.05542613,0.14540352,0.051668543,0.048367865,0.4670752,0.15741554,0.07464322,2.2803328,5,2
2,hyp,2,hyp,algebra,math,6.0,True,['algebra'],['math'],1,1,-0.79709697,-0.17291743,3.0477943,-0.25227368,-1.7846943,-0.58659375,0.20480701,0.017961433,0.033528857,0.8397617,0.030970968,0.006690105,0.022169782,0.048917286,1.0183475,1,1
2,hyp,2,hyp,hostage,captive,5.58,True,['hostage'],['captive'],1,1,-0.8771838,-0.24511066,3.7511764,-0.79200935,-1.199587,-0.7647762,-0.1251277,0.009067725,0.01706099,0.92804635,0.009873911,0.006568717,0.010146502,0.019235885,0.551957,1,5
2,hyp,2,hyp,cape,cloak,5.0,True,['cape'],['cloak'],1,1,-1.1370728,1.0332044,2.1093016,0.6418388,-1.5219755,-0.75908345,-0.18499082,0.02168629,0.18998735,0.5572726,0.12845668,0.014757884,0.031647827,0.05619131,1.9062911,2,5
2,hyp,2,hyp,pine,tree,5.85,True,['pine'],['tree'],1,1,-1.1153859,-0.2421846,4.1880546,-0.5993607,-1.3947793,-0.6349552,-0.26560465,0.004743623,0.01135891,0.95359755,0.007947252,0.003587329,0.0076693497,0.011095977,0.38588494,3,7
3,mero,0,ant,death,birth,0.46,False,['death'],['birth'],1,1,0.25725648,-0.25647873,-0.5161789,0.5995438,-0.9183935,0.34208262,0.4092606,0.16586065,0.09922726,0.07653228,0.23355913,0.051187634,0.18054393,0.19308916,2.6579432,8,6
1,cohyp,1,cohyp,peanut,cashew,1.0,True,['peanut'],"['cash', '##ew']",1,2,-0.97539914,1.6694257,1.2659819,-0.5437277,-0.16466312,-0.54078245,-0.7509579,0.03218261,0.45316276,0.30271977,0.049555738,0.07239684,0.0497019,0.040280506,2.089822,5,2
3,mero,6,syn,stomach,abdomen,2.38,False,['stomach'],['abdomen'],1,1,-0.8149539,0.358561,-1.2480903,1.977788,-1.162366,0.71889776,-0.19094788,0.035190903,0.11378407,0.022820314,0.57451683,0.02486287,0.16314498,0.065679945,1.9278158,6,2
3,mero,3,mero,crater,volcano,1.0,True,['crater'],['volcano'],1,1,-1.1868769,0.6604314,0.5667268,1.7810497,-1.7747933,0.008179866,-0.14848937,0.025475414,0.1615835,0.14713013,0.49553618,0.014151173,0.08416428,0.07195935,2.1291885,3,2
2,hyp,2,hyp,annihilate,kill,5.0,True,"['ann', '##ih', '##ila', '##te']",['kill'],4,1,-0.92602336,-0.5116955,3.7860754,-1.11551,-0.85347444,-0.68291146,-0.2238264,0.008403727,0.012717803,0.93521255,0.0069531044,0.009036068,0.010716524,0.016960248,0.5094795,1,17
2,hyp,2,hyp,constitution,document,4.6,True,['constitution'],['document'],1,1,-1.1189139,-0.44587907,4.0898256,-0.6978711,-1.3522218,-0.5246336,-0.1780861,0.0051944586,0.0101820575,0.94987625,0.007914012,0.0041135405,0.009410938,0.013308724,0.41140717,5,6
4,no-rel,4,no-rel,scalpel,canary,0.36,True,"['scalp', '##el']",['canary'],2,1,0.05792548,1.1741202,-0.9358416,-0.4342589,1.5945085,-0.37349063,-0.67332643,0.09247053,0.28233227,0.034230698,0.05652628,0.42986578,0.06006779,0.044506628,2.2008333,1,5
4,no-rel,2,hyp,split,tear,3.7,False,['split'],['tear'],1,1,0.5077898,0.4296097,-0.53068376,-1.2616851,2.0091407,-0.70738447,-0.054174323,0.12814419,0.11850747,0.045362353,0.021838646,0.5750788,0.038015045,0.073053494,1.9814954,18,9
6,syn,5,r-hyp,break,shatter,3.33,False,['break'],['shatter'],1,1,0.33935556,-1.0504651,0.38408422,-0.805979,0.25006607,-0.08381631,0.83865047,0.171524,0.04273006,0.17937022,0.054564785,0.15687256,0.11234241,0.28259596,2.593013,75,3
2,hyp,2,hyp,son,child,5.36,True,['son'],['child'],1,1,-0.07227084,-0.4330706,1.9917848,-0.32782364,-1.2477921,-0.5336642,0.4422262,0.077152625,0.053784523,0.6077972,0.0597538,0.023813782,0.048637375,0.12906067,1.913232,2,4
2,hyp,2,hyp,stream,line,1.23,True,['stream'],['line'],1,1,-1.0711894,0.5870022,3.1618044,-0.05783433,-1.6032579,-0.94806427,-0.07035495,0.0121408,0.0637369,0.8367839,0.033445828,0.0071313707,0.013731566,0.033029675,1.0077922,10,36
4,no-rel,4,no-rel,lieutenant,courage,0.54,True,['lieutenant'],['courage'],1,1,0.34047294,0.18568388,-0.69704,-1.2986017,2.124436,-0.3689773,0.09841363,0.10378379,0.08890075,0.03677421,0.020150624,0.6178667,0.051052757,0.08147128,1.8813862,4,1
2,hyp,4,no-rel,allow,return,1.08,False,['allow'],['return'],1,1,0.2475925,-0.13524295,0.8662636,-1.4317371,0.5650941,0.24387434,0.30579638,0.13976641,0.09531022,0.25947067,0.026066288,0.19199593,0.1392477,0.14814276,2.6234744,10,29
3,mero,3,mero,antler,deer,0.77,True,"['ant', '##ler']",['deer'],2,1,-1.2430086,0.88542867,0.18934135,1.9735179,-1.4564049,0.17662847,-0.4988432,0.021939578,0.18433033,0.09189458,0.54720235,0.017723577,0.09073374,0.04617588,1.9851806,1,1
4,no-rel,4,no-rel,monkey,humor,0.5,True,['monkey'],['humor'],1,1,0.37171456,-0.033670492,-0.103195354,-1.6744876,2.1396322,-0.46379933,0.102503255,0.10555026,0.07037247,0.06564603,0.013639704,0.618381,0.04577204,0.08063847,1.8796684,4,7
2,hyp,2,hyp,recliner,seat,4.73,True,"['rec', '##liner']",['seat'],2,1,-1.3991827,-0.12673987,4.0318546,-0.30390438,-1.2798443,-0.42394763,-0.29947472,0.004119847,0.014706046,0.9409155,0.012318402,0.0046420423,0.01092497,0.012373091,0.4685464,1,16
2,hyp,2,hyp,freckle,spot,4.83,True,"['fr', '##eck', '##le']",['spot'],3,1,-0.7662741,0.47830746,2.3761547,-1.3372295,0.30786166,-0.9935637,-0.24876393,0.029763222,0.10332249,0.6893177,0.016815785,0.08713069,0.023712065,0.049938068,1.6090577,3,20
2,hyp,2,hyp,understand,accept,2.45,True,['understand'],['accept'],1,1,0.1533943,-1.0027932,1.4150672,-1.2894301,0.12799704,-0.08435521,0.6274989,0.11831288,0.037231125,0.4178011,0.027952544,0.11534589,0.09327789,0.19007851,2.345332,5,11
2,hyp,6,syn,universe,world,1.54,False,['universe'],['world'],1,1,-0.5424776,-0.64286035,1.998699,0.0982112,-1.9359189,0.06166955,0.58163136,0.046184547,0.041773517,0.5862943,0.08764846,0.01146391,0.084503464,0.14213173,1.9309328,3,9
4,no-rel,4,no-rel,lobby,silk,0.6,True,['lobby'],['silk'],1,1,0.2384756,0.17711295,-0.544911,-1.3850505,2.3117883,-0.63084793,-0.0037118376,0.0851078,0.08004238,0.038882025,0.016783439,0.6767023,0.035680175,0.066801876,1.688872,4,2
2,hyp,2,hyp,teacher,professional,5.69,True,['teacher'],['professional'],1,1,-1.0215551,0.25880694,3.7224395,-1.2615952,-0.41296244,-0.62009233,-0.54749197,0.007986253,0.028734079,0.9175586,0.0062819594,0.014677486,0.011931533,0.012829986,0.60889345,2,8
2,hyp,2,hyp,fault,failure,2.67,True,['fault'],['failure'],1,1,0.023342751,-0.9096826,1.706517,-0.5866843,-0.818694,-0.4539559,0.65571624,0.09753552,0.038366757,0.5249961,0.05299458,0.04202144,0.060516614,0.1835689,2.1066058,8,7
2,hyp,2,hyp,orchid,flower,5.92,True,['orchid'],['flower'],1,1,-1.0332667,-0.359621,4.1173515,-0.8497274,-1.2089286,-0.71406525,-0.1911494,0.0055176327,0.010822143,0.9520018,0.006629224,0.00462875,0.007592419,0.012807951,0.39746985,1,4
2,hyp,2,hyp,pluto,planet,5.0,True,['pluto'],['planet'],1,1,-1.3847631,0.14490744,4.266247,-0.5333996,-1.2408309,-0.5573659,-0.4171319,0.0033488257,0.0154603785,0.95300466,0.007845761,0.0038672439,0.0076599624,0.008813116,0.38657758,3,3
2,hyp,2,hyp,build,create,5.21,True,['build'],['create'],1,1,-0.46128798,-0.8962216,2.5677755,-0.6972399,-1.1695446,-0.27208167,0.38988188,0.036821343,0.023834735,0.76138645,0.029082181,0.01813459,0.04449087,0.08624977,1.3613716,12,6
5,r-hyp,5,r-hyp,communication,language,3.23,True,['communication'],['language'],1,1,-1.0211487,-0.4495933,-0.7540149,0.75566685,-0.6902216,2.1697335,-0.23514922,0.026395699,0.0467473,0.034478463,0.15602507,0.03674963,0.6416759,0.057927992,1.754595,3,6
3,mero,3,mero,intestine,stomach,1.23,True,"['int', '##est', '##ine']",['stomach'],3,1,-1.0452869,0.20924523,-0.6114493,1.9722241,-1.4879456,0.82034844,-0.24535026,0.027919332,0.09789068,0.04308422,0.5706809,0.01793332,0.18035994,0.062131673,1.9283825,1,6
3,mero,3,mero,sand,beach,2.85,True,['sand'],['beach'],1,1,-1.0012356,0.1904152,-0.86608535,2.148867,-1.4638388,0.6822101,-0.10141705,0.026846677,0.08839301,0.030731633,0.6265601,0.016903808,0.14454457,0.0660202,1.7881889,4,2
2,hyp,2,hyp,cut,injury,4.8,True,['cut'],['injury'],1,1,-1.1500319,-0.069436245,4.338586,-0.6979133,-1.2226654,-0.6613293,-0.30711642,0.003963159,0.01167719,0.9587777,0.006228654,0.0036855072,0.0064607416,0.009206934,0.349513,70,5
4,no-rel,2,hyp,grit,courage,4.08,False,['grit'],['courage'],1,1,0.14794202,0.38446236,0.8647245,-1.7532598,1.7128016,-0.76757395,-0.22502197,0.09675803,0.1225763,0.19814435,0.014454583,0.4626972,0.03873321,0.06663629,2.2048166,4,1
2,hyp,2,hyp,crunch,break,4.75,True,['crunch'],['break'],1,1,-0.4218165,-0.5060046,2.9510028,-0.9643143,-0.8563422,-0.78816986,0.15022163,0.028757215,0.026435312,0.83857846,0.016716413,0.018622365,0.019936167,0.050954185,1.035906,7,75
1,cohyp,1,cohyp,pink,purple,0.92,True,['pink'],['purple'],1,1,-0.48855537,1.771539,-0.19553974,-0.023400288,0.12302976,-0.5046208,-1.0097275,0.059038993,0.56582934,0.079139635,0.094005495,0.10882958,0.05809809,0.03505878,2.0723732,7,7
3,mero,3,mero,fireplace,chimney,1.64,True,['fireplace'],['chimney'],1,1,-1.0574194,0.9850355,0.10331479,1.4851775,-1.4043113,-0.38057157,0.0033011406,0.03313735,0.2554728,0.10578357,0.42126328,0.023424191,0.06520323,0.095715635,2.2417731,1,2
4,no-rel,5,r-hyp,kill,smother,1.42,False,['kill'],"['sm', '##oth', '##er']",1,3,0.49849793,0.1027221,-0.32269982,-1.5260003,1.8862427,-0.29193476,0.03191189,0.13639373,0.09181445,0.060000192,0.01801217,0.54636675,0.061874792,0.0855379,2.08453,17,7
2,hyp,2,hyp,tenor,singer,5.45,True,['tenor'],['singer'],1,1,-0.92162997,0.59504676,3.5585434,-0.55098706,-1.227634,-0.8189989,-0.38567662,0.01012051,0.04611973,0.8931349,0.0146612385,0.0074525783,0.011214361,0.017296731,0.73327667,7,3
2,hyp,2,hyp,math,domain,1.0,True,['math'],['domain'],1,1,-0.5965731,0.65254736,1.6441857,-1.3414526,1.128908,-0.6122043,-0.7547139,0.045837972,0.15984961,0.43089816,0.021763487,0.25739044,0.045127045,0.03913324,2.1588702,1,5
4,no-rel,2,hyp,dilemma,confusion,3.54,False,['dilemma'],['confusion'],1,1,0.69354254,-0.51638126,-0.35795003,-1.4676752,1.3899662,-0.110686235,0.54072535,0.1970403,0.058761362,0.068849005,0.02269604,0.39537394,0.08816231,0.16911705,2.36355,1,5
3,mero,1,cohyp,jewel,ring,2.42,False,['jewel'],['ring'],1,1,-1.0519986,0.13391106,-0.2223116,1.764677,-1.7539741,0.8073037,0.062825724,0.030073987,0.098452106,0.06894766,0.5028723,0.014904829,0.19305263,0.09169656,2.1106634,3,15
4,no-rel,5,r-hyp,courage,grit,3.0,False,['courage'],['grit'],1,1,0.47000104,0.19223198,-0.48192742,-1.4544592,2.2966526,-0.564804,-0.037780065,0.105712764,0.08007443,0.0408047,0.015429257,0.6567985,0.037559286,0.06362107,1.7445618,1,4
2,hyp,2,hyp,value,amount,3.58,True,['value'],['amount'],1,1,-0.9783821,-0.14394042,3.3907988,-0.09510412,-2.0209808,-0.4348135,0.19825074,0.0111087235,0.025589246,0.87735474,0.026869945,0.00391624,0.01913079,0.03603041,0.82653004,11,7
2,hyp,2,hyp,saturn,planet,5.36,True,['saturn'],['planet'],1,1,-1.4074415,0.26378924,4.142459,-0.32587174,-1.2866694,-0.60141647,-0.5182919,0.0036726845,0.019533943,0.9446584,0.010831867,0.0041441396,0.008223105,0.008935861,0.4394987,2,3
2,hyp,2,hyp,supper,meal,5.14,True,['supper'],['meal'],1,1,-0.9613746,-0.065253444,3.7176168,-0.21518804,-1.8032573,-0.65586615,-0.04607539,0.008510191,0.020850657,0.9162193,0.017947502,0.0036670286,0.011551012,0.021254392,0.6168047,2,3
3,mero,3,mero,shelf,closet,1.31,True,['shelf'],['closet'],1,1,-0.95368946,-0.10336346,-1.3818829,1.8355747,-1.0517467,1.2549486,-0.2166831,0.030901665,0.072322555,0.02013816,0.50274056,0.028015357,0.28130743,0.0645743,1.9557801,2,5
3,mero,2,hyp,dive,swim,4.15,False,['dive'],['swim'],1,1,-1.2594262,0.692493,0.23512883,1.7871296,-1.408626,0.6419862,-0.34593412,0.022939961,0.16154759,0.10225152,0.48271984,0.01976042,0.15359095,0.057189636,2.156482,7,6
1,cohyp,4,no-rel,tangerine,nucleus,0.31,False,"['tang', '##erine']",['nucleus'],2,1,-0.8187087,1.3267796,0.59091073,-0.8158359,0.7408358,-0.27925652,-0.859485,0.045299597,0.38714,0.18547453,0.045429915,0.2154745,0.07769184,0.0434896,2.3459578,4,6
2,hyp,2,hyp,bench,seat,5.82,True,['bench'],['seat'],1,1,-1.2788332,0.24261859,2.970209,0.5175124,-1.8382667,-0.51459515,0.05435056,0.0113434335,0.051940084,0.79447466,0.06837344,0.0064831437,0.024358405,0.043026786,1.1962276,9,16
2,hyp,2,hyp,oxygen,gas,5.69,True,['oxygen'],['gas'],1,1,-1.2564946,0.1599409,4.280241,-0.76638997,-1.1976699,-0.69479746,-0.31750223,0.003759759,0.015499226,0.95440716,0.006137758,0.0039875596,0.006593286,0.009615221,0.37679124,1,8
2,hyp,6,syn,catch,capture,3.91,False,['catch'],['capture'],1,1,-0.5939203,-0.015618778,3.3325768,-0.9343111,-0.70402133,-0.9446219,-0.091232814,0.017398398,0.031021474,0.88260275,0.012378828,0.015584502,0.012251844,0.028762305,0.81320184,39,11
2,hyp,4,no-rel,mushroom,monster,0.09,False,['mushroom'],['monster'],1,1,-0.70105004,0.26479667,3.2059076,-1.581697,0.28219154,-0.8334379,-0.49201012,0.017073443,0.044852123,0.84935886,0.0070771934,0.045639142,0.01495635,0.021042919,0.9629144,7,5
3,mero,2,hyp,hedge,fence,3.92,False,['hedge'],['fence'],1,1,-0.62893,-0.0470893,0.06468135,1.2421677,-1.6844698,0.010123648,0.7068425,0.05769907,0.10324261,0.11545171,0.37477982,0.020079533,0.10932167,0.21942565,2.4083557,7,7
2,hyp,1,cohyp,earring,ring,1.7,False,"['ear', '##ring']",['ring'],2,1,-1.2161597,0.0028003685,3.7912982,-0.22839063,-1.6847843,-0.6217008,-0.12272479,0.006172251,0.020884842,0.9229004,0.016573958,0.00386298,0.011184424,0.01842113,0.5763525,1,15
2,hyp,3,mero,axon,neuron,2.82,False,"['ax', '##on']","['ne', '##uron']",2,2,-1.2437502,-0.18920429,3.7290921,-0.079171434,-1.7724308,-0.37982976,-0.10632509,0.006345475,0.018215772,0.91652024,0.020334534,0.0037399086,0.015054277,0.019789804,0.6144069,1,1
2,hyp,2,hyp,ghost,spirit,5.0,True,['ghost'],['spirit'],1,1,-0.6031692,-0.65823865,3.2484486,-0.8518003,-1.1724464,-0.60346645,0.1143362,0.01872295,0.017719764,0.8812733,0.014601423,0.01059596,0.018717384,0.038369216,0.8177066,7,9
2,hyp,2,hyp,language,communication,5.36,True,['language'],['communication'],1,1,-1.1925282,-0.26398724,4.298555,-0.69401324,-1.3567342,-0.5680865,-0.15534036,0.003948919,0.009993982,0.9576908,0.006501006,0.0033509228,0.007373433,0.011140977,0.3569572,6,3
5,r-hyp,4,no-rel,learn,judge,0.77,False,['learn'],['judge'],1,1,-0.93591607,-0.54831034,-0.28197178,0.03721352,-0.5537894,1.9851067,-0.11343683,0.034077857,0.050211985,0.06553552,0.090177275,0.049937617,0.632494,0.077565834,1.8735217,6,7
4,no-rel,0,ant,add,subtract,0.46,False,['add'],"['sub', '##tra', '##ct']",1,3,-0.11325783,0.63766193,0.8347128,-1.5150378,0.9763453,-0.5923093,-0.24197014,0.09599447,0.20340732,0.24771065,0.02362985,0.2854006,0.059456166,0.08440092,2.4776788,7,2
3,mero,6,syn,lip,mouth,1.85,False,['lip'],['mouth'],1,1,-0.89728355,0.2743383,-0.7702853,2.082855,-1.4317441,0.418166,-0.071631506,0.03159661,0.101969294,0.035875265,0.6221545,0.01851515,0.117742434,0.07214673,1.8351318,5,11
5,r-hyp,5,r-hyp,child,daughter,1.67,True,['child'],['daughter'],1,1,-0.28073892,-0.92796206,-0.48645315,0.5028,-1.1290184,1.337755,0.366156,0.083963,0.043954413,0.0683514,0.1838123,0.03594883,0.4236341,0.16033593,2.3328218,4,1
2,hyp,1,cohyp,product,sum,3.23,False,['product'],['sum'],1,1,-0.44560733,-0.32889825,2.3239474,-0.8695499,-0.83512974,-0.35558963,0.3331744,0.044091374,0.04954956,0.7033249,0.028856112,0.02986663,0.048244502,0.09606702,1.605028,6,8
2,hyp,2,hyp,catcher,player,4.64,True,['catcher'],['player'],1,1,-1.1090811,-0.35074964,4.1673775,-0.9778074,-0.93445563,-0.7471314,-0.29176566,0.00488181,0.010421258,0.95525163,0.0055666296,0.0058132596,0.0070108995,0.011054435,0.3760698,2,5
2,hyp,2,hyp,prestige,status,3.64,True,['prestige'],['status'],1,1,-1.0070673,-0.05714158,4.2058697,-0.7292619,-1.1999499,-0.7903176,-0.119610265,0.0051804376,0.013394108,0.9512971,0.0068393648,0.0042716796,0.0064342753,0.012582997,0.40027982,1,2
2,hyp,4,no-rel,wipe,catch,0.45,False,['wipe'],['catch'],1,1,-0.7622013,-0.04807467,3.3372657,-1.476967,0.010143336,-0.7438684,-0.21577202,0.014545395,0.029707553,0.8772059,0.007117161,0.0314884,0.014814515,0.025121,0.83670163,2,39
4,no-rel,2,hyp,sample,example,3.86,False,['sample'],['example'],1,1,0.05504473,0.21955192,-1.043782,-0.8274643,1.8275533,0.27528498,-0.23722036,0.092555195,0.10910518,0.030845117,0.038294107,0.54474276,0.11535858,0.069098994,2.1047726,4,6
2,hyp,2,hyp,silk,material,5.92,True,['silk'],['material'],1,1,-1.2503146,-0.20783488,4.335642,-0.7714318,-1.140077,-0.65487915,-0.33040747,0.0036030172,0.010219029,0.9607634,0.005816242,0.0040229247,0.0065352283,0.009040176,0.3363092,2,11
3,mero,2,hyp,leg,extremity,3.36,False,['leg'],"['ex', '##tre', '##mity']",1,3,-1.2121081,1.0413032,0.96163315,1.5871768,-1.4406798,-0.2899443,-0.621748,0.024474295,0.23299913,0.21515629,0.40218344,0.019473445,0.061546147,0.04416725,2.1830711,9,5
5,r-hyp,5,r-hyp,device,phone,1.38,True,['device'],['phone'],1,1,-0.9720665,-0.6903066,-0.85736734,0.92289174,-0.9663027,2.0568993,-0.14794944,0.0293593,0.03891459,0.032927517,0.19530605,0.029529016,0.60702825,0.06693531,1.8023692,5,4
2,hyp,2,hyp,rose,wine,4.5,True,['rose'],['wine'],1,1,-0.842812,1.5256355,1.531219,-0.8379249,0.16883156,-0.73795384,-0.7085832,0.03517334,0.37567934,0.37778282,0.03534566,0.09673081,0.039061863,0.040226154,2.096664,21,4
5,r-hyp,5,r-hyp,touch,pinch,1.31,True,['touch'],['pinch'],1,1,-0.69974613,0.20536232,-1.3277094,0.2096279,0.29260495,1.4611812,-0.23206384,0.051383004,0.12702908,0.02742196,0.12757207,0.1386092,0.44596246,0.08202218,2.330068,27,12
2,hyp,2,hyp,educate,inform,4.77,True,['educate'],['inform'],1,1,-0.8762003,-0.57744384,3.3152695,-1.0734766,-1.1627836,-0.24159192,0.074703015,0.013420261,0.018092945,0.88734627,0.011017545,0.01007626,0.025314411,0.034732256,0.78232807,3,3
2,hyp,2,hyp,producer,maker,4.56,True,['producer'],['maker'],1,1,-0.4306415,-0.74716824,2.2216222,-0.3485437,-1.2716385,-0.100226454,0.6892373,0.045687847,0.03329161,0.64813304,0.049596988,0.019704266,0.06357672,0.14000961,1.7487485,3,3
2,hyp,2,hyp,tug,pull,4.77,True,['tug'],['pull'],1,1,-0.22746976,-0.38910943,2.0488384,-0.74069196,-0.62804973,-0.6760853,0.41682354,0.06492222,0.055232428,0.6323848,0.03886009,0.043493435,0.041453585,0.12365348,1.8470603,9,24
2,hyp,2,hyp,kill,destroy,5.17,True,['kill'],['destroy'],1,1,0.12311484,-0.99336904,1.7740372,-0.93882143,-0.45071703,-0.36858127,0.6107537,0.10321603,0.03379593,0.5379398,0.03569062,0.058148045,0.063125715,0.16808386,2.078793,17,4
3,mero,1,cohyp,leg,thigh,0.69,False,['leg'],['thigh'],1,1,-0.8564702,-0.146554,-1.4780142,1.6778898,-0.8963256,1.2819346,-0.2441798,0.036402337,0.07403582,0.019552222,0.4589737,0.034980036,0.3089062,0.06714962,2.0330796,9,2
3,mero,1,cohyp,throat,neck,2.0,False,['throat'],['neck'],1,1,-0.8127583,0.22277589,-0.9909645,1.9831172,-1.2093977,0.26994392,-0.08476417,0.037416063,0.10538649,0.031308636,0.61276144,0.025165167,0.11047646,0.07748578,1.8796264,4,6
4,no-rel,5,r-hyp,hold,hamper,1.46,False,['hold'],"['ham', '##per']",1,2,0.41667628,-0.19247527,-0.5650564,-1.5291365,2.3482873,-0.44522613,0.10575999,0.09884258,0.053751793,0.037032504,0.014121746,0.682075,0.041746937,0.07242941,1.6616985,45,4
2,hyp,3,mero,tombstone,grave,4.5,False,['tombstone'],['grave'],1,1,-1.3767451,0.6702413,2.0784059,1.1581277,-1.7580764,-0.35198832,-0.2478348,0.016783006,0.12997647,0.5314015,0.21171471,0.011461982,0.04676447,0.05189785,1.9425117,1,8
